group,species,link to obs
conifers,Araucaria heterophylla,https://www.inaturalist.org/observations?introduced=true&not_in_place=6744&place_id=any&taxon_id=127890&view=&page=
conifers,Callitris rhomboidea,https://www.inaturalist.org/observations?introduced=true&not_in_place=6744&place_id=any&taxon_id=128978&view=&page=
conifers,Agathis robusta,https://www.inaturalist.org/observations?introduced=true&not_in_place=6744&place_id=any&taxon_id=135362&view=&page=
conifers,Podocarpus elatus,https://www.inaturalist.org/observations?introduced=true&not_in_place=6744&place_id=any&taxon_id=135618&view=&page=
conifers,Araucaria bidwillii,https://www.inaturalist.org/observations?introduced=true&not_in_place=6744&place_id=any&taxon_id=136231&view=&page=
ferns,Nephrolepis cordifolia,https://www.inaturalist.org/observations?introduced=true&not_in_place=6744&place_id=any&taxon_id=48233&view=&page=
ferns,Cyathea cooperi,https://www.inaturalist.org/observations?introduced=true&not_in_place=6744&place_id=any&taxon_id=199389&view=&page=
ferns,Adiantum hispidulum,https://www.inaturalist.org/observations?introduced=true&not_in_place=6744&place_id=any&taxon_id=158020&view=&page=
ferns,Psilotum nudum,https://www.inaturalist.org/observations?introduced=true&not_in_place=6744&place_id=any&taxon_id=167517&view=&page=
ferns,Pteris tremula,https://www.inaturalist.org/observations?introduced=true&not_in_place=6744&place_id=any&taxon_id=78778&view=&page=
ferns,Doodia caudata,https://www.inaturalist.org/observations?introduced=true&not_in_place=6744&place_id=any&taxon_id=401378&view=&page=
ferns,Asplenium australasicum,https://www.inaturalist.org/observations?introduced=true&not_in_place=6744&place_id=any&taxon_id=83561&view=&page=
ferns,Christella dentata,https://www.inaturalist.org/observations?introduced=true&not_in_place=6744&place_id=any&taxon_id=369851&view=&page=
ferns,Dicksonia antarctica,https://www.inaturalist.org/observations?introduced=true&not_in_place=6744&place_id=any&taxon_id=143921&view=&page=
ferns,Microsorum pustulatum,https://www.inaturalist.org/observations?introduced=true&not_in_place=6744&place_id=any&taxon_id=64060&view=&page=
ferns,Blechnum minus,https://www.inaturalist.org/observations?introduced=true&not_in_place=6744&place_id=any&taxon_id=138032&view=&page=
ferns,Platycerium superbum,https://www.inaturalist.org/observations?introduced=true&not_in_place=6744&place_id=any&taxon_id=122311&view=&page=
ferns,Dennstaedtia davallioides,https://www.inaturalist.org/observations?introduced=true&not_in_place=6744&place_id=any&taxon_id=401306&view=&page=
monocots,Potamogeton crispus,https://www.inaturalist.org/observations?introduced=true&not_in_place=6744&place_id=any&taxon_id=78707&view=&page=
monocots,Alisma plantago-aquatica,https://www.inaturalist.org/observations?introduced=true&not_in_place=6744&place_id=any&taxon_id=60253&view=&page=
monocots,Alocasia brisbanensis,https://www.inaturalist.org/observations?introduced=true&not_in_place=6744&place_id=any&taxon_id=126965&view=&page=
monocots,Alocasia macrorrhizos,https://www.inaturalist.org/observations?introduced=true&not_in_place=6744&place_id=any&taxon_id=126165&view=&page=
monocots,Vallisneria australis,https://www.inaturalist.org/observations?introduced=true&not_in_place=6744&place_id=any&taxon_id=430570&view=&page=
monocots,Archontophoenix cunninghamiana,https://www.inaturalist.org/observations?introduced=true&not_in_place=6744&place_id=any&taxon_id=83634&view=&page=
monocots,Ptychosperma macarthurii,https://www.inaturalist.org/observations?introduced=true&not_in_place=6744&place_id=any&taxon_id=345560&view=&page=
monocots,Carpentaria acuminata,https://www.inaturalist.org/observations?introduced=true&not_in_place=6744&place_id=any&taxon_id=364575&view=&page=
monocots,Howea forsteriana,https://www.inaturalist.org/observations?introduced=true&not_in_place=6744&place_id=any&taxon_id=135400&view=&page=
monocots,Livistona drudei,https://www.inaturalist.org/observations?introduced=true&not_in_place=6744&place_id=any&taxon_id=365637&view=&page=
monocots,Howea belmoreana,https://www.inaturalist.org/observations?introduced=true&not_in_place=6744&place_id=any&taxon_id=365341&view=&page=
monocots,Crinum asiaticum,https://www.inaturalist.org/observations?introduced=true&not_in_place=6744&place_id=any&taxon_id=161124&view=&page=
monocots,Gastrodia sesamoides,https://www.inaturalist.org/observations?introduced=true&not_in_place=6744&place_id=any&taxon_id=337634&view=&page=
monocots,Doryanthes palmeri,https://www.inaturalist.org/observations?introduced=true&not_in_place=6744&place_id=any&taxon_id=410788&view=&page=
monocots,Dendrobium kingianum,https://www.inaturalist.org/observations?introduced=true&not_in_place=6744&place_id=any&taxon_id=83578&view=&page=
monocots,Dianella tasmanica,https://www.inaturalist.org/observations?introduced=true&not_in_place=6744&place_id=any&taxon_id=123238&view=&page=
monocots,Geitonoplesium cymosum,https://www.inaturalist.org/observations?introduced=true&not_in_place=6744&place_id=any&taxon_id=356110&view=&page=
monocots,Doryanthes excelsa,https://www.inaturalist.org/observations?introduced=true&not_in_place=6744&place_id=any&taxon_id=338334&view=&page=
monocots,Dianella bambusifolia,https://www.inaturalist.org/observations?introduced=true&not_in_place=6744&place_id=any&taxon_id=369569&view=&page=
monocots,Commelina diffusa,https://www.inaturalist.org/observations?introduced=true&not_in_place=6744&place_id=any&taxon_id=160818&view=&page=
monocots,Dioscorea bulbifera,https://www.inaturalist.org/observations?introduced=true&not_in_place=6744&place_id=any&taxon_id=84537&view=&page=
monocots,Pandanus tectorius,https://www.inaturalist.org/observations?introduced=true&not_in_place=6744&place_id=any&taxon_id=70026&view=&page=
monocots,Pandanus odorifer,https://www.inaturalist.org/observations?introduced=true&not_in_place=6744&place_id=any&taxon_id=70023&view=&page=
monocots,Cyperus odoratus,https://www.inaturalist.org/observations?introduced=true&not_in_place=6744&place_id=any&taxon_id=63329&view=&page=
monocots,Cyperus iria,https://www.inaturalist.org/observations?introduced=true&not_in_place=6744&place_id=any&taxon_id=76589&view=&page=
monocots,Schoenoplectiella mucronata,https://www.inaturalist.org/observations?introduced=true&not_in_place=6744&place_id=any&taxon_id=325603&view=&page=
monocots,Cyperus difformis,https://www.inaturalist.org/observations?introduced=true&not_in_place=6744&place_id=any&taxon_id=59051&view=&page=
monocots,Carex longebrachiata,https://www.inaturalist.org/observations?introduced=true&not_in_place=6744&place_id=any&taxon_id=400432&view=&page=
monocots,Cyperus polystachyos,https://www.inaturalist.org/observations?introduced=true&not_in_place=6744&place_id=any&taxon_id=161476&view=&page=
monocots,Cyperus sanguinolentus,https://www.inaturalist.org/observations?introduced=true&not_in_place=6744&place_id=any&taxon_id=161488&view=&page=
monocots,Cyperus alterniflorus,https://www.inaturalist.org/observations?introduced=true&not_in_place=6744&place_id=any&taxon_id=208767&view=&page=
monocots,Bulbostylis barbata,https://www.inaturalist.org/observations?introduced=true&not_in_place=6744&place_id=any&taxon_id=159593&view=&page=
monocots,Carex brownii,https://www.inaturalist.org/observations?introduced=true&not_in_place=6744&place_id=any&taxon_id=400393&view=&page=
monocots,Phragmites australis,https://www.inaturalist.org/observations?introduced=true&not_in_place=6744&place_id=any&taxon_id=64237&view=&without_taxon_id=47161&page=
monocots,Cynodon dactylon,https://www.inaturalist.org/observations?introduced=true&not_in_place=6744&place_id=any&taxon_id=58371&view=&without_taxon_id=47161&page=
monocots,Imperata cylindrica,https://www.inaturalist.org/observations?introduced=true&not_in_place=6744&place_id=any&taxon_id=164056&view=&without_taxon_id=47161&page=
monocots,Bothriochloa bladhii,https://www.inaturalist.org/observations?introduced=true&not_in_place=6744&place_id=any&taxon_id=159317&view=&without_taxon_id=47161&page=
monocots,Dichanthium sericeum,https://www.inaturalist.org/observations?introduced=true&not_in_place=6744&place_id=any&taxon_id=161813&view=&without_taxon_id=47161&page=
monocots,Paspalum distichum,https://www.inaturalist.org/observations?introduced=true&not_in_place=6744&place_id=any&taxon_id=60297&view=&without_taxon_id=47161&page=
monocots,Sporobolus virginicus,https://www.inaturalist.org/observations?introduced=true&not_in_place=6744&place_id=any&taxon_id=169307&view=&without_taxon_id=47161&page=
monocots,Chloris divaricata,https://www.inaturalist.org/observations?introduced=true&not_in_place=6744&place_id=any&taxon_id=160524&view=&without_taxon_id=47161&page=
monocots,Paspalum vaginatum,https://www.inaturalist.org/observations?introduced=true&not_in_place=6744&place_id=any&taxon_id=78357&view=&without_taxon_id=47161&page=
monocots,Rytidosperma racemosum,https://www.inaturalist.org/observations?introduced=true&not_in_place=6744&place_id=any&taxon_id=78920&view=&without_taxon_id=47161&page=
monocots,Anthosachne scabra,https://www.inaturalist.org/observations?introduced=true&not_in_place=6744&place_id=any&taxon_id=484160&view=&without_taxon_id=47161&page=
monocots,Rytidosperma penicillatum,https://www.inaturalist.org/observations?introduced=true&not_in_place=6744&place_id=any&taxon_id=78919&view=&without_taxon_id=47161&page=
monocots,Entolasia marginata,https://www.inaturalist.org/observations?introduced=true&not_in_place=6744&place_id=any&taxon_id=353850&view=&without_taxon_id=47161&page=
monocots,Juncus procerus,https://www.inaturalist.org/observations?introduced=true&not_in_place=6744&place_id=any&taxon_id=323917&view=&without_taxon_id=47161&page=
monocots,Lachnagrostis filiformis,https://www.inaturalist.org/observations?introduced=true&not_in_place=6744&place_id=any&taxon_id=288066&view=&without_taxon_id=47161&page=
monocots,Bromus arenarius,https://www.inaturalist.org/observations?introduced=true&not_in_place=6744&place_id=any&taxon_id=58368&view=&without_taxon_id=47161&page=
monocots,Microlaena stipoides,https://www.inaturalist.org/observations?introduced=true&not_in_place=6744&place_id=any&taxon_id=559367&view=&without_taxon_id=47161&page=
monocots,Eragrostis brownii,https://www.inaturalist.org/observations?introduced=true&not_in_place=6744&place_id=any&taxon_id=369708&view=&without_taxon_id=47161&page=
monocots,Juncus usitatus,https://www.inaturalist.org/observations?introduced=true&not_in_place=6744&place_id=any&taxon_id=77598&view=&without_taxon_id=47161&page=
monocots,Juncus amabilis,https://www.inaturalist.org/observations?introduced=true&not_in_place=6744&place_id=any&taxon_id=380848&view=&without_taxon_id=47161&page=
monocots,Juncus filicaulis,https://www.inaturalist.org/observations?introduced=true&not_in_place=6744&place_id=any&taxon_id=402874&view=&without_taxon_id=47161&page=
monocots,Chloris truncata,https://www.inaturalist.org/observations?introduced=true&not_in_place=6744&place_id=any&taxon_id=76293&view=&without_taxon_id=47161&page=
monocots,Rytidosperma caespitosum,https://www.inaturalist.org/observations?introduced=true&not_in_place=6744&place_id=any&taxon_id=78918&view=&without_taxon_id=47161&page=
monocots,Digitaria longiflora,https://www.inaturalist.org/observations?introduced=true&not_in_place=6744&place_id=any&taxon_id=161910&view=&without_taxon_id=47161&page=
monocots,Juncus planifolius,https://www.inaturalist.org/observations?introduced=true&not_in_place=6744&place_id=any&taxon_id=77590&view=&without_taxon_id=47161&page=
monocots,Spinifex sericeus,https://www.inaturalist.org/observations?introduced=true&not_in_place=6744&place_id=any&taxon_id=426063&view=&without_taxon_id=47161&page=
monocots,Eriochloa pseudoacrotricha,https://www.inaturalist.org/observations?introduced=true&not_in_place=6744&place_id=any&taxon_id=162569&view=&without_taxon_id=47161&page=
monocots,Juncus flavidus,https://www.inaturalist.org/observations?introduced=true&not_in_place=6744&place_id=any&taxon_id=402873&view=&without_taxon_id=47161&page=
monocots,Cymbopogon refractus,https://www.inaturalist.org/observations?introduced=true&not_in_place=6744&place_id=any&taxon_id=161365&view=&without_taxon_id=47161&page=
monocots,Juncus continuus,https://www.inaturalist.org/observations?introduced=true&not_in_place=6744&place_id=any&taxon_id=402858&view=&without_taxon_id=47161&page=
dicots,Pittosporum undulatum,https://www.inaturalist.org/observations?introduced=true&not_in_place=6744&place_id=any&taxon_id=51594&view=&page=
dicots,Heptapleurum actinophyllum,https://www.inaturalist.org/observations?introduced=true&not_in_place=6744&place_id=any&taxon_id=1268642&view=&page=
dicots,Hydrocotyle sibthorpioides,https://www.inaturalist.org/observations?introduced=true&not_in_place=6744&place_id=any&taxon_id=128684&view=&page=
dicots,Centella asiatica,https://www.inaturalist.org/observations?introduced=true&not_in_place=6744&place_id=any&taxon_id=160294&view=&page=
dicots,Hydrocotyle verticillata,https://www.inaturalist.org/observations?introduced=true&not_in_place=6744&place_id=any&taxon_id=60121&view=&page=
dicots,Hydrocotyle tripartita,https://www.inaturalist.org/observations?introduced=true&not_in_place=6744&place_id=any&taxon_id=402603&view=&page=
dicots,Billardiera heterophylla,https://www.inaturalist.org/observations?introduced=true&not_in_place=6744&place_id=any&taxon_id=75769&view=&page=
dicots,Hymenosporum flavum,https://www.inaturalist.org/observations?introduced=true&not_in_place=6744&place_id=any&taxon_id=369895&view=&page=
dicots,Helichrysum luteoalbum,https://www.inaturalist.org/observations?introduced=true&not_in_place=6744&place_id=any&taxon_id=209711&view=&page=
dicots,Cotula australis,https://www.inaturalist.org/observations?introduced=true&not_in_place=6744&place_id=any&taxon_id=53025&view=&page=
dicots,Senecio minimus,https://www.inaturalist.org/observations?introduced=true&not_in_place=6744&place_id=any&taxon_id=60980&view=&page=
dicots,Senecio glomeratus,https://www.inaturalist.org/observations?introduced=true&not_in_place=6744&place_id=any&taxon_id=60981&view=&page=
dicots,Senecio bipinnatisectus,https://www.inaturalist.org/observations?introduced=true&not_in_place=6744&place_id=any&taxon_id=409104&view=&page=
dicots,Vittadinia gracilis,https://www.inaturalist.org/observations?introduced=true&not_in_place=6744&place_id=any&taxon_id=406989&view=&page=
dicots,Senecio linearifolius,https://www.inaturalist.org/observations?introduced=true&not_in_place=6744&place_id=any&taxon_id=79048&view=&page=
dicots,Sigesbeckia orientalis,https://www.inaturalist.org/observations?introduced=true&not_in_place=6744&place_id=any&taxon_id=168955&view=&page=
dicots,Senecio diaschides,https://www.inaturalist.org/observations?introduced=true&not_in_place=6744&place_id=any&taxon_id=405981&view=&page=
dicots,Euchiton sphaericus,https://www.inaturalist.org/observations?introduced=true&not_in_place=6744&place_id=any&taxon_id=77102&view=&page=
dicots,Solenogyne gunnii,https://www.inaturalist.org/observations?introduced=true&not_in_place=6744&place_id=any&taxon_id=406076&view=&page=
dicots,Senecio quadridentatus,https://www.inaturalist.org/observations?introduced=true&not_in_place=6744&place_id=any&taxon_id=79052&view=&page=
dicots,Olearia phlogopappa,https://www.inaturalist.org/observations?introduced=true&not_in_place=6744&place_id=any&taxon_id=323141&view=&page=
dicots,Vittadinia cuneata,https://www.inaturalist.org/observations?introduced=true&not_in_place=6744&place_id=any&taxon_id=353928&view=&page=
dicots,Euchiton japonicus,https://www.inaturalist.org/observations?introduced=true&not_in_place=6744&place_id=any&taxon_id=162769&view=&page=
dicots,Cotula alpina,https://www.inaturalist.org/observations?introduced=true&not_in_place=6744&place_id=any&taxon_id=323122&view=&page=
dicots,Calotis lappulacea,https://www.inaturalist.org/observations?introduced=true&not_in_place=6744&place_id=any&taxon_id=400329&view=&page=
dicots,Youngia japonica,https://www.inaturalist.org/observations?introduced=true&not_in_place=6744&place_id=any&taxon_id=127066&view=&without_taxon_id=632790&page=
dicots,Scaevola taccada,https://www.inaturalist.org/observations?introduced=true&not_in_place=6744&place_id=any&taxon_id=363481&view=&without_taxon_id=632790&page=
dicots,Cyanthillium cinereum,https://www.inaturalist.org/observations?introduced=true&not_in_place=6744&place_id=any&taxon_id=130374&view=&without_taxon_id=632790&page=
dicots,Lobelia pedunculata,https://www.inaturalist.org/observations?introduced=true&not_in_place=6744&place_id=any&taxon_id=245731&view=&without_taxon_id=632790&page=
dicots,Scaevola aemula,https://www.inaturalist.org/observations?introduced=true&not_in_place=6744&place_id=any&taxon_id=349273&view=&without_taxon_id=632790&page=
dicots,Wahlenbergia gracilis,https://www.inaturalist.org/observations?introduced=true&not_in_place=6744&place_id=any&taxon_id=321055&view=&without_taxon_id=632790&page=
dicots,Heliotropium arboreum,https://www.inaturalist.org/observations?introduced=true&not_in_place=6744&place_id=any&taxon_id=769957&view=&without_taxon_id=632790&page=
dicots,Cordia subcordata,https://www.inaturalist.org/observations?introduced=true&not_in_place=6744&place_id=any&taxon_id=126840&view=&without_taxon_id=632790&page=
dicots,Cleome viscosa,https://www.inaturalist.org/observations?introduced=true&not_in_place=6744&place_id=any&taxon_id=160710&view=&without_taxon_id=632790&page=
dicots,Portulaca oleracea,https://www.inaturalist.org/observations?introduced=true&not_in_place=6744&place_id=any&taxon_id=58991&view=&without_taxon_id=632790&page=
dicots,Tetragonia tetragonoides,https://www.inaturalist.org/observations?introduced=true&not_in_place=6744&place_id=any&taxon_id=418653&view=&without_taxon_id=632790&page=
dicots,Salsola australis,https://www.inaturalist.org/observations?introduced=true&not_in_place=6744&place_id=any&taxon_id=78955&view=&without_taxon_id=632790&page=
dicots,Dysphania pumilio,https://www.inaturalist.org/observations?introduced=true&not_in_place=6744&place_id=any&taxon_id=76751&view=&without_taxon_id=632790&page=
dicots,Atriplex lindleyi,https://www.inaturalist.org/observations?introduced=true&not_in_place=6744&place_id=any&taxon_id=75708&view=&without_taxon_id=632790&page=
dicots,Persicaria hydropiper,https://www.inaturalist.org/observations?introduced=true&not_in_place=6744&place_id=any&taxon_id=78452&view=&without_taxon_id=632790&page=
dicots,Persicaria lapathifolia,https://www.inaturalist.org/observations?introduced=true&not_in_place=6744&place_id=any&taxon_id=63886&view=&without_taxon_id=632790&page=
dicots,Persicaria decipiens,https://www.inaturalist.org/observations?introduced=true&not_in_place=6744&place_id=any&taxon_id=369917&view=&without_taxon_id=632790&page=
dicots,Atriplex suberecta,https://www.inaturalist.org/observations?introduced=true&not_in_place=6744&place_id=any&taxon_id=58123&view=&without_taxon_id=632790&page=
dicots,Chenopodium nutans,https://www.inaturalist.org/observations?introduced=true&not_in_place=6744&place_id=any&taxon_id=467323&view=&without_taxon_id=632790&page=
dicots,Atriplex nummularia,https://www.inaturalist.org/observations?introduced=true&not_in_place=6744&place_id=any&taxon_id=75711&view=&without_taxon_id=632790&page=
dicots,Atriplex amnicola,https://www.inaturalist.org/observations?introduced=true&not_in_place=6744&place_id=any&taxon_id=75696&view=&without_taxon_id=632790&page=
dicots,Persicaria barbata,https://www.inaturalist.org/observations?introduced=true&not_in_place=6744&place_id=any&taxon_id=369916&view=&without_taxon_id=632790&page=
dicots,Drosera binata,https://www.inaturalist.org/observations?introduced=true&not_in_place=6744&place_id=any&taxon_id=54684&view=&without_taxon_id=632790&page=
dicots,Spergularia marina,https://www.inaturalist.org/observations?introduced=true&not_in_place=6744&place_id=any&taxon_id=79169&view=&without_taxon_id=632790&page=
dicots,Persicaria orientalis,https://www.inaturalist.org/observations?introduced=true&not_in_place=6744&place_id=any&taxon_id=78454&view=&without_taxon_id=632790&page=
dicots,Rumex brownii,https://www.inaturalist.org/observations?introduced=true&not_in_place=6744&place_id=any&taxon_id=369722&view=&without_taxon_id=632790&page=
dicots,Carpobrotus glaucescens,https://www.inaturalist.org/observations?introduced=true&not_in_place=6744&place_id=any&taxon_id=60109&view=&without_taxon_id=632790&page=
dicots,Drosera gunniana,https://www.inaturalist.org/observations?introduced=true&not_in_place=6744&place_id=any&taxon_id=823782&view=&without_taxon_id=632790&page=
dicots,Persicaria prostrata,https://www.inaturalist.org/observations?introduced=true&not_in_place=6744&place_id=any&taxon_id=409245&view=&without_taxon_id=632790&page=
dicots,Persicaria strigosa,https://www.inaturalist.org/observations?introduced=true&not_in_place=6744&place_id=any&taxon_id=408474&view=&without_taxon_id=632790&page=
dicots,Dysphania carinata,https://www.inaturalist.org/observations?introduced=true&not_in_place=6744&place_id=any&taxon_id=733639&view=&without_taxon_id=632790&page=
dicots,Drosera pygmaea,https://www.inaturalist.org/observations?introduced=true&not_in_place=6744&place_id=any&taxon_id=122209&view=&without_taxon_id=632790&page=
dicots,Drosera pulchella,https://www.inaturalist.org/observations?introduced=true&not_in_place=6744&place_id=any&taxon_id=547511&view=&without_taxon_id=632790&page=
dicots,Atriplex muelleri,https://www.inaturalist.org/observations?introduced=true&not_in_place=6744&place_id=any&taxon_id=181589&view=&without_taxon_id=632790&page=
dicots,Drosera peltata,https://www.inaturalist.org/observations?introduced=true&not_in_place=6744&place_id=any&taxon_id=123397&view=&without_taxon_id=632790&page=
dicots,Drosera spatulata,https://www.inaturalist.org/observations?introduced=true&not_in_place=6744&place_id=any&taxon_id=122208&view=&without_taxon_id=632790&page=
dicots,Ceratophyllum demersum,https://www.inaturalist.org/observations?introduced=true&not_in_place=6744&place_id=any&taxon_id=60997&view=&without_taxon_id=632790&page=
dicots,Cucumis melo,https://www.inaturalist.org/observations?introduced=true&not_in_place=6744&place_id=any&taxon_id=76538&view=&without_taxon_id=632790&page=
dicots,Diplocyclos palmatus,https://www.inaturalist.org/observations?introduced=true&not_in_place=6744&place_id=any&taxon_id=369469&view=&without_taxon_id=632790&page=
dicots,Barringtonia asiatica,https://www.inaturalist.org/observations?introduced=true&not_in_place=6744&place_id=any&taxon_id=189657&view=&without_taxon_id=632790&page=
dicots,Acacia dealbata,https://www.inaturalist.org/observations?introduced=true&not_in_place=6744&place_id=any&taxon_id=53343&view=&without_taxon_id=632790&page=
dicots,Acacia melanoxylon,https://www.inaturalist.org/observations?introduced=true&not_in_place=6744&place_id=any&taxon_id=53344&view=&without_taxon_id=632790&page=
dicots,Acacia mearnsii,https://www.inaturalist.org/observations?introduced=true&not_in_place=6744&place_id=any&taxon_id=75250&view=&without_taxon_id=632790&page=
dicots,Acacia longifolia,https://www.inaturalist.org/observations?introduced=true&not_in_place=6744&place_id=any&taxon_id=63379&view=&without_taxon_id=632790&page=
dicots,Acacia saligna,https://www.inaturalist.org/observations?introduced=true&not_in_place=6744&place_id=any&taxon_id=75255&view=&without_taxon_id=632790&page=
dicots,Acacia cyclops,https://www.inaturalist.org/observations?introduced=true&not_in_place=6744&place_id=any&taxon_id=75249&view=&without_taxon_id=632790&page=
dicots,Acacia retinodes,https://www.inaturalist.org/observations?introduced=true&not_in_place=6744&place_id=any&taxon_id=57040&view=&without_taxon_id=632790&page=
dicots,Acacia baileyana,https://www.inaturalist.org/observations?introduced=true&not_in_place=6744&place_id=any&taxon_id=55345&view=&without_taxon_id=632790&page=
dicots,Sesbania cannabina,https://www.inaturalist.org/observations?introduced=true&not_in_place=6744&place_id=any&taxon_id=138580&view=&without_taxon_id=632790&page=
dicots,Acacia pycnantha,https://www.inaturalist.org/observations?introduced=true&not_in_place=6744&place_id=any&taxon_id=75253&view=&without_taxon_id=632790&page=
dicots,Acacia redolens,https://www.inaturalist.org/observations?introduced=true&not_in_place=6744&place_id=any&taxon_id=75254&view=&without_taxon_id=632790&page=
dicots,Albizia lebbeck,https://www.inaturalist.org/observations?introduced=true&not_in_place=6744&place_id=any&taxon_id=60832&view=&without_taxon_id=632790&page=
dicots,Senna artemisioides,https://www.inaturalist.org/observations?introduced=true&not_in_place=6744&place_id=any&taxon_id=79058&view=&without_taxon_id=632790&page=
dicots,Vachellia farnesiana,https://www.inaturalist.org/observations?introduced=true&not_in_place=6744&place_id=any&taxon_id=79472&view=&without_taxon_id=632790&page=
dicots,Acacia podalyriifolia,https://www.inaturalist.org/observations?introduced=true&not_in_place=6744&place_id=any&taxon_id=75252&view=&without_taxon_id=632790&page=
dicots,Acacia decurrens,https://www.inaturalist.org/observations?introduced=true&not_in_place=6744&place_id=any&taxon_id=61818&view=&without_taxon_id=632790&page=
dicots,Crotalaria retusa,https://www.inaturalist.org/observations?introduced=true&not_in_place=6744&place_id=any&taxon_id=161148&view=&without_taxon_id=632790&page=
dicots,Acacia elata,https://www.inaturalist.org/observations?introduced=true&not_in_place=6744&place_id=any&taxon_id=181076&view=&without_taxon_id=632790&page=
dicots,Acacia verticillata,https://www.inaturalist.org/observations?introduced=true&not_in_place=6744&place_id=any&taxon_id=57037&view=&without_taxon_id=632790&page=
dicots,Acacia auriculiformis,https://www.inaturalist.org/observations?introduced=true&not_in_place=6744&place_id=any&taxon_id=52445&view=&without_taxon_id=632790&page=
dicots,Acacia implexa,https://www.inaturalist.org/observations?introduced=true&not_in_place=6744&place_id=any&taxon_id=209475&view=&without_taxon_id=632790&page=
dicots,Acacia mangium,https://www.inaturalist.org/observations?introduced=true&not_in_place=6744&place_id=any&taxon_id=199319&view=&without_taxon_id=632790&page=
dicots,Acacia paradoxa,https://www.inaturalist.org/observations?introduced=true&not_in_place=6744&place_id=any&taxon_id=75251&view=&without_taxon_id=632790&page=
dicots,Acacia pravissima,https://www.inaturalist.org/observations?introduced=true&not_in_place=6744&place_id=any&taxon_id=399285&view=&without_taxon_id=632790&page=
dicots,Indigofera linnaei,https://www.inaturalist.org/observations?introduced=true&not_in_place=6744&place_id=any&taxon_id=361364&view=&without_taxon_id=632790&page=
dicots,Acacia falciformis,https://www.inaturalist.org/observations?introduced=true&not_in_place=6744&place_id=any&taxon_id=244219&view=&without_taxon_id=632790&page=
dicots,Acacia provincialis,https://www.inaturalist.org/observations?introduced=true&not_in_place=6744&place_id=any&taxon_id=739822&view=&without_taxon_id=632790&page=
dicots,Acacia cultriformis,https://www.inaturalist.org/observations?introduced=true&not_in_place=6744&place_id=any&taxon_id=181887&view=&without_taxon_id=632790&page=
dicots,Acacia floribunda,https://www.inaturalist.org/observations?introduced=true&not_in_place=6744&place_id=any&taxon_id=321061&view=&without_taxon_id=632790&page=
dicots,Kennedia rubicunda,https://www.inaturalist.org/observations?introduced=true&not_in_place=6744&place_id=any&taxon_id=321133&view=&without_taxon_id=632790&page=
dicots,Acacia viscidula,https://www.inaturalist.org/observations?introduced=true&not_in_place=6744&place_id=any&taxon_id=139882&view=&without_taxon_id=632790&page=
dicots,Acacia piligera,https://www.inaturalist.org/observations?introduced=true&not_in_place=6744&place_id=any&taxon_id=878909&view=&without_taxon_id=632790&page=
dicots,Chamaecrista mimosoides,https://www.inaturalist.org/observations?introduced=true&not_in_place=6744&place_id=any&taxon_id=53263&view=&without_taxon_id=632790&page=
dicots,Castanospermum australe,https://www.inaturalist.org/observations?introduced=true&not_in_place=6744&place_id=any&taxon_id=202155&view=&without_taxon_id=632790&page=
dicots,Senna sulfurea,https://www.inaturalist.org/observations?introduced=true&not_in_place=6744&place_id=any&taxon_id=199579&view=&without_taxon_id=632790&page=
dicots,Acacia salicina,https://www.inaturalist.org/observations?introduced=true&not_in_place=6744&place_id=any&taxon_id=291217&view=&without_taxon_id=632790&page=
dicots,Acacia longissima,https://www.inaturalist.org/observations?introduced=true&not_in_place=6744&place_id=any&taxon_id=369480&view=&without_taxon_id=632790&page=
dicots,Acacia binervata,https://www.inaturalist.org/observations?introduced=true&not_in_place=6744&place_id=any&taxon_id=524411&view=&without_taxon_id=632790&page=
dicots,Acacia ulicifolia,https://www.inaturalist.org/observations?introduced=true&not_in_place=6744&place_id=any&taxon_id=139880&view=&without_taxon_id=632790&page=
dicots,Acacia crassiuscula,https://www.inaturalist.org/observations?introduced=true&not_in_place=6744&place_id=any&taxon_id=139896&view=&without_taxon_id=632790&page=
dicots,Acacia parramattensis,https://www.inaturalist.org/observations?introduced=true&not_in_place=6744&place_id=any&taxon_id=157871&view=&without_taxon_id=632790&page=
dicots,Indigofera glandulosa,https://www.inaturalist.org/observations?introduced=true&not_in_place=6744&place_id=any&taxon_id=934489&view=&without_taxon_id=632790&page=
dicots,Chamaecrista absus,https://www.inaturalist.org/observations?introduced=true&not_in_place=6744&place_id=any&taxon_id=139442&view=&without_taxon_id=632790&page=
dicots,Pultenaea daphnoides,https://www.inaturalist.org/observations?introduced=true&not_in_place=6744&place_id=any&taxon_id=321215&view=&without_taxon_id=632790&page=
dicots,Acacia maidenii,https://www.inaturalist.org/observations?introduced=true&not_in_place=6744&place_id=any&taxon_id=371837&view=&without_taxon_id=632790&page=
dicots,Acacia adunca,https://www.inaturalist.org/observations?introduced=true&not_in_place=6744&place_id=any&taxon_id=411132&view=&without_taxon_id=632790&page=
dicots,Acacia cognata,https://www.inaturalist.org/observations?introduced=true&not_in_place=6744&place_id=any&taxon_id=424657&view=&without_taxon_id=632790&page=
dicots,Indigofera linifolia,https://www.inaturalist.org/observations?introduced=true&not_in_place=6744&place_id=any&taxon_id=138978&view=&without_taxon_id=632790&page=
dicots,Neptunia gracilis,https://www.inaturalist.org/observations?introduced=true&not_in_place=6744&place_id=any&taxon_id=369318&view=&without_taxon_id=632790&page=
dicots,Acacia schinoides,https://www.inaturalist.org/observations?introduced=true&not_in_place=6744&place_id=any&taxon_id=502783&view=&without_taxon_id=632790&page=
dicots,Acacia minutifolia,https://www.inaturalist.org/observations?introduced=true&not_in_place=6744&place_id=any&taxon_id=628266&view=&without_taxon_id=632790&page=
dicots,Casuarina glauca,https://www.inaturalist.org/observations?introduced=true&not_in_place=6744&place_id=any&taxon_id=160234&view=&page=
dicots,Allocasuarina verticillata,https://www.inaturalist.org/observations?introduced=true&not_in_place=6744&place_id=any&taxon_id=122323&view=&page=
dicots,Allocasuarina littoralis,https://www.inaturalist.org/observations?introduced=true&not_in_place=6744&place_id=any&taxon_id=323786&view=&page=
dicots,Allocasuarina torulosa,https://www.inaturalist.org/observations?introduced=true&not_in_place=6744&place_id=any&taxon_id=334814&view=&page=
dicots,Tabernaemontana pandacaqui,https://www.inaturalist.org/observations?introduced=true&not_in_place=6744&place_id=any&taxon_id=369351&view=&page=
dicots,Alyxia ruscifolia,https://www.inaturalist.org/observations?introduced=true&not_in_place=6744&place_id=any&taxon_id=369496&view=&page=
dicots,Geranium homeanum,https://www.inaturalist.org/observations?introduced=true&not_in_place=6744&place_id=any&taxon_id=163259&view=&page=
dicots,Geranium gardneri,https://www.inaturalist.org/observations?introduced=true&not_in_place=6744&place_id=any&taxon_id=402065&view=&page=
dicots,Geranium solanderi,https://www.inaturalist.org/observations?introduced=true&not_in_place=6744&place_id=any&taxon_id=77262&view=&page=
dicots,Geranium retrorsum,https://www.inaturalist.org/observations?introduced=true&not_in_place=6744&place_id=any&taxon_id=118443&view=&page=
dicots,Myoporum insulare,https://www.inaturalist.org/observations?introduced=true&not_in_place=6744&place_id=any&taxon_id=323840&view=&without_taxon_id=47733&page=
dicots,Vitex rotundifolia,https://www.inaturalist.org/observations?introduced=true&not_in_place=6744&place_id=any&taxon_id=126845&view=&without_taxon_id=47733&page=
dicots,Coleus scutellarioides,https://www.inaturalist.org/observations?introduced=true&not_in_place=6744&place_id=any&taxon_id=291284&view=&without_taxon_id=47733&page=
dicots,Pandorea jasminoides,https://www.inaturalist.org/observations?introduced=true&not_in_place=6744&place_id=any&taxon_id=346424&view=&without_taxon_id=47733&page=
dicots,Myoporum montanum,https://www.inaturalist.org/observations?introduced=true&not_in_place=6744&place_id=any&taxon_id=370035&view=&without_taxon_id=47733&page=
dicots,Utricularia gibba,https://www.inaturalist.org/observations?introduced=true&not_in_place=6744&place_id=any&taxon_id=79464&view=&without_taxon_id=47733&page=
dicots,Pandorea pandorana,https://www.inaturalist.org/observations?introduced=true&not_in_place=6744&place_id=any&taxon_id=83395&view=&without_taxon_id=47733&page=
dicots,Orthosiphon aristatus,https://www.inaturalist.org/observations?introduced=true&not_in_place=6744&place_id=any&taxon_id=185264&view=&without_taxon_id=47733&page=
dicots,Utricularia subulata,https://www.inaturalist.org/observations?introduced=true&not_in_place=6744&place_id=any&taxon_id=79468&view=&without_taxon_id=47733&page=
dicots,Veronica plebeia,https://www.inaturalist.org/observations?introduced=true&not_in_place=6744&place_id=any&taxon_id=353889&view=&without_taxon_id=47733&page=
dicots,Westringia fruticosa,https://www.inaturalist.org/observations?introduced=true&not_in_place=6744&place_id=any&taxon_id=353888&view=&without_taxon_id=47733&page=
dicots,Avicennia marina,https://www.inaturalist.org/observations?introduced=true&not_in_place=6744&place_id=any&taxon_id=75723&view=&without_taxon_id=47733&page=
dicots,Litsea glutinosa,https://www.inaturalist.org/observations?introduced=true&not_in_place=6744&place_id=any&taxon_id=369548&view=&without_taxon_id=47733&page=
dicots,Cassytha filiformis,https://www.inaturalist.org/observations?introduced=true&not_in_place=6744&place_id=any&taxon_id=160172&view=&without_taxon_id=47733&page=
dicots,Homalanthus populifolius,https://www.inaturalist.org/observations?introduced=true&not_in_place=6744&place_id=any&taxon_id=369932&view=&without_taxon_id=47733&page=
dicots,Codiaeum variegatum,https://www.inaturalist.org/observations?introduced=true&not_in_place=6744&place_id=any&taxon_id=127387&view=&without_taxon_id=47733&page=
dicots,Calophyllum inophyllum,https://www.inaturalist.org/observations?introduced=true&not_in_place=6744&place_id=any&taxon_id=159698&view=&without_taxon_id=47733&page=
dicots,Viola banksii,https://www.inaturalist.org/observations?introduced=true&not_in_place=6744&place_id=any&taxon_id=410980&view=&without_taxon_id=47733&page=
dicots,Flueggea virosa,https://www.inaturalist.org/observations?introduced=true&not_in_place=6744&place_id=any&taxon_id=340143&view=&without_taxon_id=47733&page=
dicots,Baloghia inophylla,https://www.inaturalist.org/observations?introduced=true&not_in_place=6744&place_id=any&taxon_id=369778&view=&without_taxon_id=47733&page=
dicots,Afrohybanthus enneaspermus,https://www.inaturalist.org/observations?introduced=true&not_in_place=6744&place_id=any&taxon_id=962178&view=&without_taxon_id=47733&page=
dicots,Hibiscus tiliaceus,https://www.inaturalist.org/observations?introduced=true&not_in_place=6744&place_id=any&taxon_id=62868&view=&without_taxon_id=47733&page=
dicots,Malvastrum coromandelianum,https://www.inaturalist.org/observations?introduced=true&not_in_place=6744&place_id=any&taxon_id=165115&view=&without_taxon_id=47733&page=
dicots,Abelmoschus moschatus,https://www.inaturalist.org/observations?introduced=true&not_in_place=6744&place_id=any&taxon_id=157767&view=&without_taxon_id=47733&page=
dicots,Brachychiton populneus,https://www.inaturalist.org/observations?introduced=true&not_in_place=6744&place_id=any&taxon_id=349248&view=&without_taxon_id=47733&page=
dicots,Hibiscus diversifolius,https://www.inaturalist.org/observations?introduced=true&not_in_place=6744&place_id=any&taxon_id=287814&view=&without_taxon_id=47733&page=
dicots,Brachychiton acerifolius,https://www.inaturalist.org/observations?introduced=true&not_in_place=6744&place_id=any&taxon_id=122300&view=&without_taxon_id=47733&page=
dicots,Eucalyptus globulus,https://www.inaturalist.org/observations?introduced=true&not_in_place=6744&place_id=any&taxon_id=53398&view=&page=
dicots,Terminalia catappa,https://www.inaturalist.org/observations?introduced=true&not_in_place=6744&place_id=any&taxon_id=62821&view=&page=
dicots,Eucalyptus camaldulensis,https://www.inaturalist.org/observations?introduced=true&not_in_place=6744&place_id=any&taxon_id=64128&view=&page=
dicots,Lythrum hyssopifolia,https://www.inaturalist.org/observations?introduced=true&not_in_place=6744&place_id=any&taxon_id=58934&view=&page=
dicots,Leptospermum laevigatum,https://www.inaturalist.org/observations?introduced=true&not_in_place=6744&place_id=any&taxon_id=77704&view=&page=
dicots,Melaleuca citrina,https://www.inaturalist.org/observations?introduced=true&not_in_place=6744&place_id=any&taxon_id=77976&view=&page=
dicots,Melaleuca quinquenervia,https://www.inaturalist.org/observations?introduced=true&not_in_place=6744&place_id=any&taxon_id=120527&view=&page=
dicots,Melaleuca viminalis,https://www.inaturalist.org/observations?introduced=true&not_in_place=6744&place_id=any&taxon_id=77977&view=&page=
dicots,Syzygium paniculatum,https://www.inaturalist.org/observations?introduced=true&not_in_place=6744&place_id=any&taxon_id=181899&view=&page=
dicots,Melaleuca nesophila,https://www.inaturalist.org/observations?introduced=true&not_in_place=6744&place_id=any&taxon_id=130738&view=&page=
dicots,Eucalyptus polyanthemos,https://www.inaturalist.org/observations?introduced=true&not_in_place=6744&place_id=any&taxon_id=58207&view=&page=
dicots,Syzygium australe,https://www.inaturalist.org/observations?introduced=true&not_in_place=6744&place_id=any&taxon_id=79311&view=&page=
dicots,Eucalyptus cladocalyx,https://www.inaturalist.org/observations?introduced=true&not_in_place=6744&place_id=any&taxon_id=77089&view=&page=
dicots,Eucalyptus conferruminata,https://www.inaturalist.org/observations?introduced=true&not_in_place=6744&place_id=any&taxon_id=77090&view=&page=
dicots,Eucalyptus sideroxylon,https://www.inaturalist.org/observations?introduced=true&not_in_place=6744&place_id=any&taxon_id=77092&view=&page=
dicots,Syzygium smithii,https://www.inaturalist.org/observations?introduced=true&not_in_place=6744&place_id=any&taxon_id=338330&view=&page=
dicots,Ludwigia peploides,https://www.inaturalist.org/observations?introduced=true&not_in_place=6744&place_id=any&taxon_id=60220&view=&page=
dicots,Ludwigia octovalvis,https://www.inaturalist.org/observations?introduced=true&not_in_place=6744&place_id=any&taxon_id=164861&view=&page=
dicots,Corymbia ficifolia,https://www.inaturalist.org/observations?introduced=true&not_in_place=6744&place_id=any&taxon_id=122024&view=&page=
dicots,Eucalyptus cinerea,https://www.inaturalist.org/observations?introduced=true&not_in_place=6744&place_id=any&taxon_id=162748&view=&page=
dicots,Corymbia citriodora,https://www.inaturalist.org/observations?introduced=true&not_in_place=6744&place_id=any&taxon_id=334772&view=&page=
dicots,Eucalyptus grandis,https://www.inaturalist.org/observations?introduced=true&not_in_place=6744&place_id=any&taxon_id=135371&view=&page=
dicots,Eucalyptus gomphocephala,https://www.inaturalist.org/observations?introduced=true&not_in_place=6744&place_id=any&taxon_id=162753&view=&page=
dicots,Eucalyptus botryoides,https://www.inaturalist.org/observations?introduced=true&not_in_place=6744&place_id=any&taxon_id=162745&view=&page=
dicots,Melaleuca hypericifolia,https://www.inaturalist.org/observations?introduced=true&not_in_place=6744&place_id=any&taxon_id=321145&view=&page=
dicots,Eucalyptus tereticornis,https://www.inaturalist.org/observations?introduced=true&not_in_place=6744&place_id=any&taxon_id=58208&view=&page=
dicots,Melaleuca linearis,https://www.inaturalist.org/observations?introduced=true&not_in_place=6744&place_id=any&taxon_id=596690&view=&page=
dicots,Eucalyptus leucoxylon,https://www.inaturalist.org/observations?introduced=true&not_in_place=6744&place_id=any&taxon_id=339974&view=&page=
dicots,Agonis flexuosa,https://www.inaturalist.org/observations?introduced=true&not_in_place=6744&place_id=any&taxon_id=145380&view=&page=
dicots,Eucalyptus nitens,https://www.inaturalist.org/observations?introduced=true&not_in_place=6744&place_id=any&taxon_id=401772&view=&page=
dicots,Xanthostemon chrysanthus,https://www.inaturalist.org/observations?introduced=true&not_in_place=6744&place_id=any&taxon_id=344937&view=&page=
dicots,Tristaniopsis laurina,https://www.inaturalist.org/observations?introduced=true&not_in_place=6744&place_id=any&taxon_id=135366&view=&page=
dicots,Eucalyptus saligna,https://www.inaturalist.org/observations?introduced=true&not_in_place=6744&place_id=any&taxon_id=162763&view=&page=
dicots,Leptospermum scoparium,https://www.inaturalist.org/observations?introduced=true&not_in_place=6744&place_id=any&taxon_id=54699&view=&page=
dicots,Eucalyptus gunnii,https://www.inaturalist.org/observations?introduced=true&not_in_place=6744&place_id=any&taxon_id=323288&view=&page=
dicots,Eucalyptus diversicolor,https://www.inaturalist.org/observations?introduced=true&not_in_place=6744&place_id=any&taxon_id=147463&view=&page=
dicots,Eucalyptus viminalis,https://www.inaturalist.org/observations?introduced=true&not_in_place=6744&place_id=any&taxon_id=77093&view=&page=
dicots,Eucalyptus erythrocorys,https://www.inaturalist.org/observations?introduced=true&not_in_place=6744&place_id=any&taxon_id=132354&view=&page=
dicots,Eucalyptus rudis,https://www.inaturalist.org/observations?introduced=true&not_in_place=6744&place_id=any&taxon_id=162762&view=&page=
dicots,Eucalyptus robusta,https://www.inaturalist.org/observations?introduced=true&not_in_place=6744&place_id=any&taxon_id=162761&view=&page=
dicots,Melaleuca armillaris,https://www.inaturalist.org/observations?introduced=true&not_in_place=6744&place_id=any&taxon_id=323997&view=&page=
dicots,Eucalyptus torquata,https://www.inaturalist.org/observations?introduced=true&not_in_place=6744&place_id=any&taxon_id=179890&view=&page=
dicots,Eucalyptus obliqua,https://www.inaturalist.org/observations?introduced=true&not_in_place=6744&place_id=any&taxon_id=323286&view=&page=
dicots,Eucalyptus nicholii,https://www.inaturalist.org/observations?introduced=true&not_in_place=6744&place_id=any&taxon_id=407712&view=&page=
dicots,Eucalyptus pulverulenta,https://www.inaturalist.org/observations?introduced=true&not_in_place=6744&place_id=any&taxon_id=64294&view=&page=
dicots,Eucalyptus melliodora,https://www.inaturalist.org/observations?introduced=true&not_in_place=6744&place_id=any&taxon_id=207906&view=&page=
dicots,Eucalyptus amygdalina,https://www.inaturalist.org/observations?introduced=true&not_in_place=6744&place_id=any&taxon_id=162744&view=&page=
dicots,Melaleuca glauca,https://www.inaturalist.org/observations?introduced=true&not_in_place=6744&place_id=any&taxon_id=589711&view=&page=
dicots,Corymbia calophylla,https://www.inaturalist.org/observations?introduced=true&not_in_place=6744&place_id=any&taxon_id=135379&view=&page=
dicots,Leptospermum morrisonii,https://www.inaturalist.org/observations?introduced=true&not_in_place=6744&place_id=any&taxon_id=410481&view=&page=
dicots,Melaleuca salicina,https://www.inaturalist.org/observations?introduced=true&not_in_place=6744&place_id=any&taxon_id=479697&view=&page=
dicots,Eucalyptus pulchella,https://www.inaturalist.org/observations?introduced=true&not_in_place=6744&place_id=any&taxon_id=77091&view=&page=
dicots,Melaleuca styphelioides,https://www.inaturalist.org/observations?introduced=true&not_in_place=6744&place_id=any&taxon_id=135412&view=&page=
dicots,Eucalyptus pilularis,https://www.inaturalist.org/observations?introduced=true&not_in_place=6744&place_id=any&taxon_id=162758&view=&page=
dicots,Melaleuca linariifolia,https://www.inaturalist.org/observations?introduced=true&not_in_place=6744&place_id=any&taxon_id=165216&view=&page=
dicots,Eucalyptus albopurpurea,https://www.inaturalist.org/observations?introduced=true&not_in_place=6744&place_id=any&taxon_id=208132&view=&page=
dicots,Xanthostemon youngii,https://www.inaturalist.org/observations?introduced=true&not_in_place=6744&place_id=any&taxon_id=354059&view=&page=
dicots,Melaleuca diosmifolia,https://www.inaturalist.org/observations?introduced=true&not_in_place=6744&place_id=any&taxon_id=484070&view=&page=
dicots,Chamelaucium uncinatum,https://www.inaturalist.org/observations?introduced=true&not_in_place=6744&place_id=any&taxon_id=76261&view=&page=
dicots,Eucalyptus marginata,https://www.inaturalist.org/observations?introduced=true&not_in_place=6744&place_id=any&taxon_id=145392&view=&page=
dicots,Melastoma malabathricum,https://www.inaturalist.org/observations?introduced=true&not_in_place=6744&place_id=any&taxon_id=165230&view=&page=
dicots,Eucalyptus macrocarpa,https://www.inaturalist.org/observations?introduced=true&not_in_place=6744&place_id=any&taxon_id=131659&view=&page=
dicots,Lophostemon confertus,https://www.inaturalist.org/observations?introduced=true&not_in_place=6744&place_id=any&taxon_id=135363&view=&page=
dicots,Melaleuca leucadendra,https://www.inaturalist.org/observations?introduced=true&not_in_place=6744&place_id=any&taxon_id=157286&view=&page=
dicots,Kunzea ericoides,https://www.inaturalist.org/observations?introduced=true&not_in_place=6744&place_id=any&taxon_id=210165&view=&page=
dicots,Eucalyptus spathulata,https://www.inaturalist.org/observations?introduced=true&not_in_place=6744&place_id=any&taxon_id=341386&view=&page=
dicots,Eucalyptus muelleriana,https://www.inaturalist.org/observations?introduced=true&not_in_place=6744&place_id=any&taxon_id=353877&view=&page=
dicots,Corymbia aparrerinja,https://www.inaturalist.org/observations?introduced=true&not_in_place=6744&place_id=any&taxon_id=357346&view=&page=
dicots,Syzygium floribundum,https://www.inaturalist.org/observations?introduced=true&not_in_place=6744&place_id=any&taxon_id=418394&view=&page=
dicots,Eucalyptus lehmannii,https://www.inaturalist.org/observations?introduced=true&not_in_place=6744&place_id=any&taxon_id=82773&view=&page=
dicots,Angophora costata,https://www.inaturalist.org/observations?introduced=true&not_in_place=6744&place_id=any&taxon_id=83379&view=&page=
dicots,Syzygium luehmannii,https://www.inaturalist.org/observations?introduced=true&not_in_place=6744&place_id=any&taxon_id=126146&view=&page=
dicots,Corymbia torelliana,https://www.inaturalist.org/observations?introduced=true&not_in_place=6744&place_id=any&taxon_id=135367&view=&page=
dicots,Eucalyptus perriniana,https://www.inaturalist.org/observations?introduced=true&not_in_place=6744&place_id=any&taxon_id=135375&view=&page=
dicots,Eucalyptus cornuta,https://www.inaturalist.org/observations?introduced=true&not_in_place=6744&place_id=any&taxon_id=162749&view=&page=
dicots,Terminalia muelleri,https://www.inaturalist.org/observations?introduced=true&not_in_place=6744&place_id=any&taxon_id=169602&view=&page=
dicots,Eucalyptus haemastoma,https://www.inaturalist.org/observations?introduced=true&not_in_place=6744&place_id=any&taxon_id=197038&view=&page=
dicots,Eucalyptus pauciflora,https://www.inaturalist.org/observations?introduced=true&not_in_place=6744&place_id=any&taxon_id=208115&view=&page=
dicots,Eucalyptus microcarpa,https://www.inaturalist.org/observations?introduced=true&not_in_place=6744&place_id=any&taxon_id=243802&view=&page=
dicots,Eucalyptus ovata,https://www.inaturalist.org/observations?introduced=true&not_in_place=6744&place_id=any&taxon_id=323789&view=&page=
dicots,Eucalyptus longifolia,https://www.inaturalist.org/observations?introduced=true&not_in_place=6744&place_id=any&taxon_id=353878&view=&page=
dicots,Eucalyptus tenuiramis,https://www.inaturalist.org/observations?introduced=true&not_in_place=6744&place_id=any&taxon_id=401767&view=&page=
dicots,Melaleuca alternifolia,https://www.inaturalist.org/observations?introduced=true&not_in_place=6744&place_id=any&taxon_id=427159&view=&page=
dicots,Eucalyptus pellita,https://www.inaturalist.org/observations?introduced=true&not_in_place=6744&place_id=any&taxon_id=427625&view=&page=
dicots,Eucalyptus lansdowneana,https://www.inaturalist.org/observations?introduced=true&not_in_place=6744&place_id=any&taxon_id=479887&view=&page=
dicots,Eucalyptus capitellata,https://www.inaturalist.org/observations?introduced=true&not_in_place=6744&place_id=any&taxon_id=481270&view=&page=
dicots,Eucalyptus radiata,https://www.inaturalist.org/observations?introduced=true&not_in_place=6744&place_id=any&taxon_id=639221&view=&page=
dicots,Eucalyptus occidentalis,https://www.inaturalist.org/observations?introduced=true&not_in_place=6744&place_id=any&taxon_id=1031742&view=&page=
dicots,Eucalyptus grossa,https://www.inaturalist.org/observations?introduced=true&not_in_place=6744&place_id=any&taxon_id=1074863&view=&page=
dicots,Eucalyptus longicornis,https://www.inaturalist.org/observations?introduced=true&not_in_place=6744&place_id=any&taxon_id=1075158&view=&page=
dicots,Nymphaea nouchali,https://www.inaturalist.org/observations?introduced=true&not_in_place=6744&place_id=any&taxon_id=321501&view=&page=
dicots,Oxalis exilis,https://www.inaturalist.org/observations?introduced=true&not_in_place=6744&place_id=any&taxon_id=57865&view=&page=
dicots,Elaeocarpus reticulatus,https://www.inaturalist.org/observations?introduced=true&not_in_place=6744&place_id=any&taxon_id=123234&view=&page=
dicots,Eucryphia lucida,https://www.inaturalist.org/observations?introduced=true&not_in_place=6744&place_id=any&taxon_id=178220&view=&page=
dicots,Davidsonia jerseyana,https://www.inaturalist.org/observations?introduced=true&not_in_place=6744&place_id=any&taxon_id=488894&view=&page=
dicots,Hakea sericea,https://www.inaturalist.org/observations?introduced=true&not_in_place=6744&place_id=any&taxon_id=321137&view=&page=
dicots,Grevillea robusta,https://www.inaturalist.org/observations?introduced=true&not_in_place=6744&place_id=any&taxon_id=77302&view=&page=
dicots,Hakea salicifolia,https://www.inaturalist.org/observations?introduced=true&not_in_place=6744&place_id=any&taxon_id=363485&view=&page=
dicots,Banksia integrifolia,https://www.inaturalist.org/observations?introduced=true&not_in_place=6744&place_id=any&taxon_id=244884&view=&page=
dicots,Hakea gibbosa,https://www.inaturalist.org/observations?introduced=true&not_in_place=6744&place_id=any&taxon_id=321136&view=&page=
dicots,Hakea drupacea,https://www.inaturalist.org/observations?introduced=true&not_in_place=6744&place_id=any&taxon_id=341634&view=&page=
dicots,Grevillea banksii,https://www.inaturalist.org/observations?introduced=true&not_in_place=6744&place_id=any&taxon_id=163372&view=&page=
dicots,Lomatia fraseri,https://www.inaturalist.org/observations?introduced=true&not_in_place=6744&place_id=any&taxon_id=550664&view=&page=
dicots,Macadamia tetraphylla,https://www.inaturalist.org/observations?introduced=true&not_in_place=6744&place_id=any&taxon_id=346223&view=&page=
dicots,Macadamia integrifolia,https://www.inaturalist.org/observations?introduced=true&not_in_place=6744&place_id=any&taxon_id=287245&view=&page=
dicots,Telopea speciosissima,https://www.inaturalist.org/observations?introduced=true&not_in_place=6744&place_id=any&taxon_id=122358&view=&page=
dicots,Banksia spinulosa,https://www.inaturalist.org/observations?introduced=true&not_in_place=6744&place_id=any&taxon_id=208902&view=&page=
dicots,Grevillea lanigera,https://www.inaturalist.org/observations?introduced=true&not_in_place=6744&place_id=any&taxon_id=135351&view=&page=
dicots,Grevillea rosmarinifolia,https://www.inaturalist.org/observations?introduced=true&not_in_place=6744&place_id=any&taxon_id=547335&view=&page=
dicots,Grevillea aspleniifolia,https://www.inaturalist.org/observations?introduced=true&not_in_place=6744&place_id=any&taxon_id=402199&view=&page=
dicots,Banksia aemula,https://www.inaturalist.org/observations?introduced=true&not_in_place=6744&place_id=any&taxon_id=83621&view=&page=
dicots,Telopea oreades,https://www.inaturalist.org/observations?introduced=true&not_in_place=6744&place_id=any&taxon_id=122359&view=&page=
dicots,Banksia serrata,https://www.inaturalist.org/observations?introduced=true&not_in_place=6744&place_id=any&taxon_id=64519&view=&page=
dicots,Grevillea juniperina,https://www.inaturalist.org/observations?introduced=true&not_in_place=6744&place_id=any&taxon_id=418054&view=&page=
dicots,Ficus macrophylla,https://www.inaturalist.org/observations?introduced=true&not_in_place=6744&place_id=any&taxon_id=126854&view=&page=
dicots,Ficus microcarpa,https://www.inaturalist.org/observations?introduced=true&not_in_place=6744&place_id=any&taxon_id=54982&view=&page=
dicots,Acaena agnipila,https://www.inaturalist.org/observations?introduced=true&not_in_place=6744&place_id=any&taxon_id=323297&view=&page=
dicots,Acaena novae-zelandiae,https://www.inaturalist.org/observations?introduced=true&not_in_place=6744&place_id=any&taxon_id=75256&view=&page=
dicots,Trema orientale,https://www.inaturalist.org/observations?introduced=true&not_in_place=6744&place_id=any&taxon_id=147425&view=&page=
dicots,Pomaderris aspera,https://www.inaturalist.org/observations?introduced=true&not_in_place=6744&place_id=any&taxon_id=184927&view=&page=
dicots,Ficus rubiginosa,https://www.inaturalist.org/observations?introduced=true&not_in_place=6744&place_id=any&taxon_id=199385&view=&page=
dicots,Acaena pallida,https://www.inaturalist.org/observations?introduced=true&not_in_place=6744&place_id=any&taxon_id=75257&view=&page=
dicots,Urtica incisa,https://www.inaturalist.org/observations?introduced=true&not_in_place=6744&place_id=any&taxon_id=323366&view=&page=
dicots,Acaena echinata,https://www.inaturalist.org/observations?introduced=true&not_in_place=6744&place_id=any&taxon_id=323795&view=&page=
dicots,Melia azedarach,https://www.inaturalist.org/observations?introduced=true&not_in_place=6744&place_id=any&taxon_id=53720&view=&page=
dicots,Cupaniopsis anacardioides,https://www.inaturalist.org/observations?introduced=true&not_in_place=6744&place_id=any&taxon_id=161253&view=&page=
dicots,Murraya paniculata,https://www.inaturalist.org/observations?introduced=true&not_in_place=6744&place_id=any&taxon_id=287316&view=&page=
dicots,Correa alba,https://www.inaturalist.org/observations?introduced=true&not_in_place=6744&place_id=any&taxon_id=196520&view=&page=
dicots,Dodonaea viscosa,https://www.inaturalist.org/observations?introduced=true&not_in_place=6744&place_id=any&taxon_id=122711&view=&page=
dicots,Nematolepis squamea,https://www.inaturalist.org/observations?introduced=true&not_in_place=6744&place_id=any&taxon_id=353806&view=&page=
dicots,Toona ciliata,https://www.inaturalist.org/observations?introduced=true&not_in_place=6744&place_id=any&taxon_id=155812&view=&page=
dicots,Geijera parviflora,https://www.inaturalist.org/observations?introduced=true&not_in_place=6744&place_id=any&taxon_id=185434&view=&page=
dicots,Philotheca myoporoides,https://www.inaturalist.org/observations?introduced=true&not_in_place=6744&place_id=any&taxon_id=411273&view=&page=
dicots,Calystegia sepium,https://www.inaturalist.org/observations?introduced=true&not_in_place=6744&place_id=any&taxon_id=57481&view=&page=
dicots,Solanum americanum,https://www.inaturalist.org/observations?introduced=true&not_in_place=6744&place_id=any&taxon_id=59035&view=&page=
dicots,Ipomoea pes-caprae,https://www.inaturalist.org/observations?introduced=true&not_in_place=6744&place_id=any&taxon_id=60879&view=&page=
dicots,Solanum laciniatum,https://www.inaturalist.org/observations?introduced=true&not_in_place=6744&place_id=any&taxon_id=328092&view=&page=
dicots,Calystegia soldanella,https://www.inaturalist.org/observations?introduced=true&not_in_place=6744&place_id=any&taxon_id=60880&view=&page=
dicots,Ipomoea eriocarpa,https://www.inaturalist.org/observations?introduced=true&not_in_place=6744&place_id=any&taxon_id=505875&view=&page=
dicots,Ipomoea imperati,https://www.inaturalist.org/observations?introduced=true&not_in_place=6744&place_id=any&taxon_id=130193&view=&page=
dicots,Solanum aviculare,https://www.inaturalist.org/observations?introduced=true&not_in_place=6744&place_id=any&taxon_id=79135&view=&page=
dicots,Evolvulus alsinoides,https://www.inaturalist.org/observations?introduced=true&not_in_place=6744&place_id=any&taxon_id=162913&view=&page=
dicots,Ipomoea violacea,https://www.inaturalist.org/observations?introduced=true&not_in_place=6744&place_id=any&taxon_id=131556&view=&page=
dicots,Cuscuta australis,https://www.inaturalist.org/observations?introduced=true&not_in_place=6744&place_id=any&taxon_id=427420&view=&page=
dicots,Solanum chippendalei,https://www.inaturalist.org/observations?introduced=true&not_in_place=6744&place_id=any&taxon_id=1007784&view=&page=
dicots,Cissus antarctica,https://www.inaturalist.org/observations?introduced=true&not_in_place=6744&place_id=any&taxon_id=76359&view=&page=